{
	"id": "54c5443a-a972-44a6-86d1-54e13f9e0cc3",
	"name": "ABDM",
	"values": [
		{
			"key": "GATEWAY_HOST",
			"value": "https://dev.abdm.gov.in/gateway",
			"enabled": true
		},
		{
			"key": "GATEWAY_AUTH",
			"value": "",
			"enabled": true
		},
		{
			"key": "CM_HOST",
			"value": "https://dev.abdm.gov.in/cm",
			"type": "default",
			"enabled": true
		},
		{
			"key": "AUTHORIZATION",
			"value": "",
			"type": "any",
			"enabled": true
		},
		{
			"key": "REFRESH_TOKEN",
			"value": "",
			"type": "any",
			"enabled": true
		}
	],
	"_postman_variable_scope": "environment",
	"_postman_exported_at": "2023-03-14T11:55:15.300Z",
	"_postman_exported_using": "Postman/10.11.1"
}